{
  "total_blocks": 43240,
  "total_candidates": 9564538,
  "total_profit_wei": 10282779922263671880354,
  "buckets": {
    "Custom(10000000000000000)": 7237050,
    "Custom(30000000000000000)": 1527414,
    "Custom(50000000000000000)": 800074
  },
  "families": {
    "direct": 618256,
    "multi": 8946282
  },
  "max_profit_wei": 5000072552514093,
  "avg_profit_wei": 1075094261977282,
  "root_asset_distribution": {
    "0x4200000000000000000000000000000000000006": 9564538
  },
  "block_density": 221.19653098982423,
  "total_profit_eth": 10282.779922263671,
  "max_profit_eth": 0.005000072552514093,
  "avg_profit_eth": 0.001075094261977282
}